Dataset,Total Samples,Disaster %,Non-Disaster %,Avg Text Length,Avg Word Count,Unique Keywords,Unique Locations
Training,7613,42.96597924602653,57.03402075397347,101.1616970970708,14.903585971364771,221,3341
Test,3263,N/A,N/A,102.24118908979467,14.965369292062519,221,1602
